species,n,percent
LT,24487,0.6666938931089874
SMB,12242,0.33330610689101253
