species,n,percent
SMB,160,0.5614035087719298
LT,125,0.43859649122807015
